[12.696385, 12.302025, 11.933212, 11.587047, 11.261018, 10.952946, 10.660939, 10.383358, 10.118773, 9.8659401, 9.6237783, 9.3913393, 9.167799, 8.9524317, 8.7446041, 8.5437584, 8.3494015, 8.1611013, 7.9784727, 7.8011742, 7.6289034, 7.4613876, 7.2983837, 7.1396737, 6.9850607, 6.8343649, 6.6874232, 6.5440884, 6.4042244, 6.2677045, 6.1344137, 6.0042448, 5.8770981, 5.7528787, 5.6315002, 5.5128798, 5.3969398, 5.2836056, 5.1728067, 5.0644774, 4.9585538, 4.8549743, 4.7536812, 4.6546168, 4.5577278, 4.4629617, 4.3702688, 4.2795987, 4.1909051, 4.1041422, 4.0192652, 3.9362316, 3.8549981, 3.7755256, 3.6977727, 3.6217022, 3.5472755, 3.4744563, 3.4032087, 3.333498, 3.2652895, 3.1985507, 3.1332488, 3.0693521, 3.0068297, 2.945652, 2.8857887, 2.8272116, 2.769892, 2.7138028, 2.6589172, 2.6052082, 2.5526507, 2.5012195, 2.4508903, 2.401639, 2.3534415, 2.3062756, 2.260119, 2.2149491, 2.1707449, 2.1274855, 2.0851502, 2.0437191, 2.0031724, 1.9634911, 1.9246564, 1.8866502, 1.8494543, 1.8130512, 1.7774239, 1.7425554, 1.7084296, 1.6750301, 1.6423416, 1.6103485, 1.5790359, 1.548389, 1.5183935, 1.4890355, 1.4603009, 1.4321767, 1.4046495, 1.3777065, 1.351335, 1.3255231, 1.3002583, 1.2755291, 1.2513239, 1.2276313, 1.2044407, 1.181741, 1.1595215, 1.1377723, 1.116483, 1.095644, 1.0752454, 1.0552778, 1.035732, 1.0165989, 0.99786985, 0.97953606, 0.9615891, 0.94402063, 0.92682254, 0.90998691, 0.89350617, 0.87737244, 0.86157852, 0.84611708, 0.83098102, 0.81616336, 0.80165738, 0.78745627, 0.77355367, 0.75994325, 0.74661845, 0.73357356, 0.72080249, 0.70829934, 0.69605851, 0.6840744, 0.67234135, 0.66085422, 0.64960772, 0.63859671, 0.6278162, 0.61726123, 0.6069271, 0.59680903, 0.5869025, 0.57720292, 0.56770599, 0.55840737, 0.54930282, 0.54038823, 0.5316596, 0.52311301, 0.51474452, 0.50655031, 0.49852687, 0.49067038, 0.48297751, 0.47544461, 0.46806836, 0.4608455, 0.4537726, 0.44684675, 0.44006461, 0.43342328, 0.4269197, 0.420551, 0.41431433, 0.40820688, 0.40222588, 0.39636874, 0.39063281, 0.38501552, 0.37951437, 0.37412691, 0.36885077, 0.36368355, 0.35862297, 0.35366684, 0.34881288, 0.34405896, 0.33940294, 0.33484286, 0.3303766, 0.32600221, 0.3217178, 0.31752139, 0.31341124, 0.30938542, 0.30544224, 0.30157995, 0.29779682, 0.29409119, 0.29046145, 0.28690597, 0.28342324, 0.28001171, 0.27666989, 0.27339631, 0.27018955, 0.26704818, 0.26397085, 0.26095623, 0.25800303, 0.25510985, 0.25227553, 0.24949887, 0.24677856, 0.24411346, 0.24150245, 0.23894434, 0.23643807, 0.23398253, 0.23157668, 0.22921947, 0.22690991, 0.22464696, 0.22242963, 0.22025703, 0.2181282, 0.21604219, 0.21399821, 0.21199527, 0.21003258, 0.20810926, 0.20622453, 0.20437753, 0.20256755, 0.20079374, 0.1990554, 0.19735181, 0.19568218, 0.19404587, 0.19244212, 0.19087031, 0.18932971, 0.18781976, 0.18633975, 0.18488914, 0.18346721, 0.18207344, 0.18070722, 0.17936797, 0.17805517, 0.17676826, 0.17550665, 0.17426988, 0.17305741, 0.17186871, 0.17070338, 0.16956083, 0.16844065, 0.16734233, 0.16626546, 0.16520959, 0.16417429, 0.16315912, 0.16216365, 0.1611875, 0.16023028, 0.15929157, 0.158371, 0.15746821, 0.1565828, 0.15571447, 0.15486282, 0.15402749, 0.15320817, 0.15240458, 0.15161631, 0.1508431, 0.15008461, 0.1493406, 0.14861068, 0.14789462, 0.14719212, 0.1465029, 0.14582671, 0.14516324, 0.14451228, 0.14387354, 0.1432468, 0.14263175, 0.14202821, 0.14143595, 0.14085469, 0.14028426, 0.13972439, 0.13917489, 0.13863555, 0.13810618, 0.13758655, 0.13707644, 0.1365757, 0.13608412, 0.13560152]
[9.0864582, 8.401516, 7.8275042, 7.3357468, 6.90592, 6.5235591, 6.1783257, 5.862783, 5.5715394, 5.3006463, 5.0471764, 4.8089261, 4.5842052, 4.3716936, 4.1703334, 3.9792616, 3.7977543, 3.6251919, 3.4610338, 3.3047986, 3.1560543, 3.0144038, 2.879483, 2.750952, 2.6284943, 2.511812, 2.400624, 2.2946653, 2.1936851, 2.0974455, 2.0057197, 1.9182935, 1.8349626, 1.7555329, 1.6798193, 1.6076467, 1.5388473, 1.4732616, 1.4107383, 1.3511329, 1.2943077, 1.2401317, 1.1884804, 1.1392344, 1.092281, 1.0475121, 1.004825, 0.96412218, 0.92531002, 0.88829976, 0.85300708, 0.81935126, 0.78725535, 0.75664634, 0.72745454, 0.69961363, 0.67306006, 0.64773381, 0.62357736, 0.60053593, 0.57855737, 0.55759203, 0.53759253, 0.51851374, 0.50031269, 0.4829483, 0.46638161, 0.45057538, 0.43549401, 0.42110398, 0.40737283, 0.39426991, 0.38176608, 0.36983317, 0.35844499, 0.34757581, 0.3372018, 0.32729977, 0.31784779, 0.30882499, 0.30021146, 0.29198816, 0.28413695, 0.27664062, 0.26948276, 0.26264757, 0.25612015, 0.24988624, 0.24393228, 0.23824525, 0.23281285, 0.22762328, 0.22266538, 0.21792835, 0.21340206, 0.20907676, 0.20494318, 0.20099248, 0.19721623, 0.19360636, 0.19015527, 0.18685558, 0.18370041, 0.18068311, 0.17779723, 0.17503685, 0.17239618, 0.16986972, 0.16745225, 0.16513875, 0.1629245, 0.16080491, 0.15877572, 0.15683275, 0.15497205, 0.15318991, 0.15148273, 0.14984709, 0.14827976, 0.14677761, 0.14533769, 0.14395717, 0.14263335, 0.14136368, 0.14014572, 0.13897708, 0.13785556, 0.13677907, 0.13574556, 0.13475305, 0.13379978, 0.13288391, 0.1320038, 0.13115786, 0.13034451, 0.12956238, 0.12880999, 0.12808609, 0.12738937, 0.12671864, 0.1260727, 0.12545055, 0.12485107, 0.12427328, 0.12371622, 0.12317898, 0.1226607, 0.12216055, 0.12167774, 0.12121153, 0.12076115, 0.12032595, 0.11990529, 0.11949854, 0.11910507, 0.11872432, 0.11835577, 0.11799891, 0.11765321, 0.11731821, 0.11699345, 0.11667851, 0.11637297, 0.11607646, 0.11578858, 0.115509, 0.11523734, 0.11497331, 0.11471657, 0.11446683, 0.11422385, 0.1139873, 0.11375694, 0.11353254, 0.11331382, 0.11310062, 0.11289266, 0.11268979, 0.11249178, 0.11229844, 0.11210959, 0.11192507, 0.11174475, 0.11156841, 0.11139591, 0.11122715, 0.11106198, 0.11090023, 0.11074182, 0.1105866, 0.11043447, 0.11028533, 0.11013907, 0.10999557, 0.10985477, 0.10971653, 0.10958081, 0.1094475, 0.10931654, 0.10918783, 0.10906132, 0.10893692, 0.10881455, 0.10869418, 0.10857576, 0.10845915, 0.10834438, 0.10823137, 0.10812005, 0.1080104, 0.10790233, 0.10779582, 0.10769084, 0.10758733, 0.10748525, 0.10738456, 0.10728522, 0.10718722, 0.1070905, 0.10699502, 0.10690077, 0.10680771, 0.1067158, 0.10662504, 0.10653539, 0.10644682, 0.1063593, 0.10627279, 0.10618732, 0.10610285, 0.10601931, 0.10593673, 0.10585508, 0.10577434, 0.10569448, 0.10561547, 0.10553735, 0.10546003, 0.10538356, 0.10530789, 0.10523298, 0.10515888, 0.10508553, 0.10501292, 0.10494106, 0.10486989, 0.10479946, 0.10472973, 0.10466067, 0.10459229, 0.1045246, 0.10445753, 0.10439112, 0.10432535, 0.10426019, 0.10419567, 0.10413175, 0.1040684, 0.10400566, 0.10394352, 0.10388195, 0.10382092, 0.10376047, 0.10370056, 0.10364118, 0.10358237, 0.10352407, 0.10346629, 0.10340904, 0.10335231, 0.10329606, 0.10324031, 0.10318507, 0.10313031, 0.10307603, 0.10302223, 0.10296889, 0.10291603, 0.10286361, 0.10281166, 0.10276015, 0.10270908, 0.10265846, 0.10260828, 0.10255852, 0.10250919, 0.1024603, 0.10241179, 0.10236373, 0.10231605, 0.1022688, 0.10222195, 0.10217547, 0.10212938, 0.1020837, 0.10203842, 0.10199349, 0.10194895, 0.10190479, 0.101861, 0.10181756]
[15.52334, 13.357625, 11.806035, 10.622655, 9.6683578, 8.863739, 8.1628561, 7.5385532, 6.9742785, 6.4594984, 5.9871387, 5.5521455, 5.1506715, 4.7796278, 4.4364152, 4.118773, 3.8246946, 3.5523667, 3.300139, 3.0664999, 2.8500576, 2.6495314, 2.4637365, 2.2915807, 2.1320529, 1.9842181, 1.8472121, 1.7202349, 1.6025461, 1.4934609, 1.3923454, 1.2986122, 1.2117188, 1.1311617, 1.0564758, 0.98722965, 0.92302436, 0.8634901, 0.80828476, 0.7570911, 0.70961577, 0.66558665, 0.62475193, 0.58687824, 0.55174935, 0.51916498, 0.48893955, 0.4609012, 0.43489054, 0.41075999, 0.38837272, 0.36760199, 0.34833023, 0.33044857, 0.31385604, 0.29845908, 0.28417099, 0.27091131, 0.25860554, 0.24718454, 0.23658431, 0.22674537, 0.21761267, 0.20913514, 0.20126545, 0.19395965, 0.18717705, 0.18087989, 0.17503306, 0.16960415, 0.16456302, 0.15988171, 0.15553436, 0.15149681, 0.14774686, 0.14426374, 0.14102834, 0.13802283, 0.13523066, 0.1326365, 0.13022617, 0.12798649, 0.12590516, 0.12397087, 0.12217303, 0.12050194, 0.11894846, 0.11750422, 0.11616135, 0.11491265, 0.11375137, 0.11267124, 0.11166649, 0.11073175, 0.109862, 0.10905261, 0.1082993, 0.10759803, 0.10694516, 0.10633722, 0.10577096, 0.10524349, 0.10475203, 0.10429405, 0.10386712, 0.1034691, 0.1030979, 0.10275165, 0.10242856, 0.10212701, 0.10184549, 0.10158257, 0.10133693, 0.1011074, 0.10089282, 0.10069212, 0.10050435, 0.10032862, 0.10016406, 0.10000989, 0.099865407, 0.099729925, 0.099602826, 0.099483505, 0.099371448, 0.099266142, 0.099167123, 0.099073976, 0.098986246, 0.098903634, 0.098825738, 0.098752245, 0.098682895, 0.09861736, 0.098555371, 0.098496765, 0.098441198, 0.098388612, 0.098338664, 0.098291285, 0.098246247, 0.098203436, 0.098162681, 0.098123841, 0.098086819, 0.098051459, 0.0980177, 0.097985432, 0.097954527, 0.097924933, 0.097896546, 0.097869299, 0.09784314, 0.097817965, 0.097793743, 0.097770438, 0.097747937, 0.097726241, 0.09770526, 0.097685024, 0.097665399, 0.097646423, 0.097628042, 0.097610191, 0.09759289, 0.097576082, 0.097559758, 0.097543873, 0.097528398, 0.097513348, 0.097498663, 0.09748435, 0.09747038, 0.097456761, 0.097443447, 0.097430438, 0.097417712, 0.097405255, 0.097393066, 0.09738116, 0.097369462, 0.097358018, 0.097346798, 0.097335793, 0.097324967, 0.097314373, 0.097303972, 0.097293764, 0.097283728, 0.097273827, 0.097264186, 0.097254649, 0.097245261, 0.097236052, 0.097226977, 0.097218052, 0.097209305, 0.097200662, 0.097192138, 0.097183764, 0.097175524, 0.097167403, 0.097159401, 0.097151518, 0.097143754, 0.09713608, 0.09712854, 0.097121105, 0.097113781, 0.097106561, 0.097099423, 0.097092412, 0.097085461, 0.097078644, 0.097071923, 0.09706527, 0.097058706, 0.097052261, 0.097045884, 0.097039588, 0.097033396, 0.097027257, 0.097021222, 0.097015277, 0.097009383, 0.097003572, 0.096997857, 0.09699221, 0.096986622, 0.096981138, 0.096975677, 0.09697032, 0.09696503, 0.096959829, 0.096954651, 0.0969496, 0.096944556, 0.096939608, 0.096934728, 0.096929893, 0.096925125, 0.096920423, 0.096915774, 0.096911192, 0.096906677, 0.096902199, 0.096897796, 0.09689343, 0.096889123, 0.096884906, 0.096880727, 0.096876577, 0.096872486, 0.096868478, 0.096864492, 0.096860573, 0.096856691, 0.096852854, 0.096849084, 0.096845374, 0.096841678, 0.096838042, 0.096834458, 0.096830919, 0.096827403, 0.096823968, 0.096820548, 0.096817181, 0.096813858, 0.096810594, 0.096807353, 0.096804157, 0.09680099, 0.096797854, 0.096794792, 0.096791759, 0.096788749, 0.096785784, 0.096782856, 0.09677998, 0.096777134, 0.096774317, 0.096771523, 0.096768782, 0.096766084, 0.096763402, 0.096760757, 0.096758172, 0.096755579, 0.096753046, 0.096750528, 0.096748039, 0.096745588, 0.096743181, 0.096740805, 0.096738458, 0.096736118, 0.096733838, 0.096731566, 0.096729338, 0.096727118]
[10.368236, 9.3380575, 8.4301748, 7.6199331, 6.8923426, 6.2370043, 5.6458778, 5.112289, 4.6304636, 4.1952953, 3.8022225, 3.4471481, 3.1263812, 2.8365936, 2.5747819, 2.3382361, 2.1245089, 1.9313909, 1.7568877, 1.5991977, 1.4566952, 1.3279109, 1.2115188, 1.1063211, 1.0112362, 0.92528713, 0.84759164, 0.77735305, 0.71385139, 0.65643662, 0.60452181, 0.55757642, 0.51512122, 0.47672367, 0.44199276, 0.41057518, 0.38215205, 0.35643506, 0.33316383, 0.31210303, 0.29304022, 0.27578324, 0.26015866, 0.24600965, 0.23319456, 0.22158539, 0.21106648, 0.20153329, 0.19289136, 0.18505538, 0.17794815, 0.17150004, 0.16564801, 0.16033512, 0.15550989, 0.15112588, 0.14714098, 0.14351721, 0.14022025, 0.13721903, 0.13448545, 0.13199423, 0.12972239, 0.12764913, 0.12575576, 0.12402537, 0.12244257, 0.12099351, 0.1196657, 0.11844776, 0.11732946, 0.11630154, 0.11535562, 0.11448409, 0.11368009, 0.11293746, 0.11225054, 0.11161427, 0.11102407, 0.11047575, 0.10996556, 0.10949009, 0.10904627, 0.10863125, 0.10824257, 0.10787791, 0.10753521, 0.10721254, 0.10690824, 0.10662077, 0.10634873, 0.10609083, 0.10584593, 0.10561297, 0.10539106, 0.10517928, 0.10497685, 0.1047831, 0.10459736, 0.10441905, 0.10424761, 0.10408258, 0.10392357, 0.10377006, 0.1036218, 0.10347839, 0.10333952, 0.10320494, 0.1030744, 0.10294766, 0.10282447, 0.10270467, 0.10258809, 0.10247454, 0.10236388, 0.10225599, 0.10215071, 0.10204791, 0.10194753, 0.10184942, 0.10175353, 0.10165977, 0.10156801, 0.10147822, 0.1013903, 0.10130422, 0.10121989, 0.10113728, 0.10105632, 0.10097694, 0.10089913, 0.10082281, 0.10074796, 0.10067455, 0.10060253, 0.10053183, 0.10046249, 0.10039442, 0.1003276, 0.10026199, 0.10019761, 0.10013438, 0.10007229, 0.10001134, 0.099951454, 0.099892668, 0.099834904, 0.09977819, 0.099722482, 0.099667743, 0.099613979, 0.099561162, 0.099509276, 0.099458277, 0.099408217, 0.099359013, 0.099310659, 0.099263147, 0.099216491, 0.099170625, 0.099125549, 0.099081278, 0.099037744, 0.098995, 0.098952986, 0.098911688, 0.098871127, 0.098831251, 0.098792076, 0.098753564, 0.09871573, 0.098678552, 0.098642007, 0.098606095, 0.098570809, 0.098536119, 0.09850204, 0.098468542, 0.098435633, 0.098403275, 0.098371476, 0.098340243, 0.098309532, 0.09827935, 0.098249689, 0.098220542, 0.098191902, 0.098163754, 0.098136097, 0.098108903, 0.0980822, 0.098055892, 0.098030105, 0.098004736, 0.097979799, 0.097955309, 0.097931236, 0.097907543, 0.097884282, 0.097861424, 0.097838953, 0.097816892, 0.097795203, 0.097773865, 0.097752914, 0.097732313, 0.097712055, 0.097692162, 0.097672626, 0.097653389, 0.097634517, 0.097615942, 0.097597718, 0.097579777, 0.097562157, 0.097544834, 0.097527817, 0.09751109, 0.097494647, 0.097478494, 0.097462624, 0.097447008, 0.097431675, 0.09741661, 0.097401783, 0.097387224, 0.097372919, 0.097358868, 0.097345039, 0.097331457, 0.097318098, 0.09730497, 0.097292073, 0.097279415, 0.097266965, 0.097254723, 0.097242691, 0.097230867, 0.097219244, 0.097207814, 0.097196601, 0.097185567, 0.097174741, 0.097164072, 0.097153604, 0.09714333, 0.097133189, 0.097123258, 0.09711349, 0.097103879, 0.097094469, 0.097085163, 0.097076073, 0.097067103, 0.097058296, 0.097049631, 0.097041145, 0.097032785, 0.097024567, 0.097016513, 0.097008556, 0.097000763, 0.096993111, 0.096985564, 0.096978173, 0.096970871, 0.096963741, 0.096956715, 0.096949816, 0.096943036, 0.096936345, 0.096929796, 0.096923374, 0.096917026, 0.096910797, 0.09690468, 0.096898668, 0.096892759, 0.096886955, 0.096881248, 0.096875638, 0.096870132, 0.096864723, 0.096859396, 0.096854165, 0.096849024, 0.096843958, 0.096838996, 0.096834123, 0.096829303, 0.096824586, 0.096819974, 0.096815422, 0.096810937, 0.096806534, 0.09680222, 0.096797965, 0.096793793, 0.096789666, 0.09678565, 0.096781693]
[12.072878, 10.382092, 9.0449114, 7.9195747, 6.948442, 6.1023154, 5.3624463, 4.714602, 4.1470232, 3.6496387, 3.2137065, 2.831594, 2.4966288, 2.2029686, 1.9455006, 1.7197458, 1.5217823, 1.348175, 1.1959153, 1.0623668, 0.94522071, 0.84245348, 0.75229239, 0.6731838, 0.60376656, 0.54284739, 0.48938051, 0.44244939, 0.40125042, 0.3650794, 0.33331865, 0.30542678, 0.28092906, 0.25940919, 0.24050215, 0.22388783, 0.20928547, 0.19644877, 0.18516177, 0.17523503, 0.1665023, 0.15881783, 0.15205362, 0.14609753, 0.14085099, 0.13622765, 0.13215169, 0.1285565, 0.12538373, 0.12258211, 0.12010664, 0.11791783, 0.11598101, 0.11426575, 0.11274531, 0.11139628, 0.11019801, 0.10913241, 0.1081836, 0.10733765, 0.10658228, 0.10590672, 0.10530151, 0.10475837, 0.10426994, 0.10382986, 0.10343247, 0.10307279, 0.10274649, 0.10244972, 0.10217911, 0.1019317, 0.10170487, 0.10149632, 0.10130407, 0.1011263, 0.10096143, 0.10080811, 0.10066512, 0.10053138, 0.10040592, 0.10028795, 0.10017671, 0.10007153, 0.099971861, 0.099877179, 0.099787034, 0.099701047, 0.099618822, 0.099540085, 0.099464543, 0.09939193, 0.099322043, 0.099254668, 0.099189654, 0.099126816, 0.099066034, 0.099007189, 0.098950118, 0.098894775, 0.098841012, 0.098788798, 0.098738007, 0.098688617, 0.098640524, 0.098593712, 0.098548092, 0.098503619, 0.098460287, 0.098417982, 0.098376736, 0.098336473, 0.098297186, 0.098258793, 0.098221339, 0.098184742, 0.098148972, 0.098114058, 0.098079935, 0.098046578, 0.098013982, 0.097982101, 0.09795095, 0.097920515, 0.097890727, 0.097861633, 0.097833157, 0.097805336, 0.097778127, 0.097751483, 0.097725466, 0.097699985, 0.097675093, 0.097650751, 0.097626917, 0.097603627, 0.097580835, 0.097558543, 0.09753675, 0.097515419, 0.09749455, 0.097474143, 0.097454183, 0.097434655, 0.097415537, 0.097396873, 0.097378597, 0.097360708, 0.097343221, 0.097326107, 0.097309366, 0.097292982, 0.097276956, 0.097261287, 0.097245961, 0.097230971, 0.097216308, 0.097201936, 0.097187884, 0.09717416, 0.097160719, 0.097147584, 0.097134709, 0.097122125, 0.097109824, 0.097097784, 0.097085997, 0.097074479, 0.097063199, 0.097052172, 0.097041398, 0.097030833, 0.097020499, 0.097010404, 0.097000524, 0.096990846, 0.096981384, 0.096972138, 0.0969631, 0.096954234, 0.096945561, 0.09693709, 0.096928805, 0.096920699, 0.096912764, 0.096904993, 0.096897386, 0.096889973, 0.096882701, 0.096875578, 0.096868619, 0.096861817, 0.096855178, 0.096848652, 0.096842274, 0.096836075, 0.096829966, 0.09682399, 0.096818142, 0.096812427, 0.096806869, 0.096801385, 0.096796043, 0.09679082, 0.096785694, 0.096780695, 0.096775793, 0.096771017, 0.096766323, 0.096761733, 0.096757263, 0.096752882, 0.096748568, 0.096744373, 0.096740268, 0.096736245, 0.096732326, 0.096728466, 0.096724689, 0.096721016, 0.096717432, 0.096713893, 0.096710458, 0.096707083, 0.096703783, 0.096700549, 0.096697405, 0.096694313, 0.096691296, 0.096688338, 0.096685447, 0.096682601, 0.096679837, 0.096677147, 0.096674494, 0.096671917, 0.096669361, 0.096666887, 0.096664451, 0.096662089, 0.096659772, 0.0966575, 0.096655264, 0.096653104, 0.096650966, 0.096648894, 0.09664686, 0.096644856, 0.096642904, 0.096641019, 0.096639134, 0.096637338, 0.09663555, 0.096633792, 0.096632078, 0.096630409, 0.096628785, 0.096627176, 0.096625611, 0.096624091, 0.096622594, 0.096621141, 0.096619695, 0.096618295, 0.096616909, 0.096615583, 0.096614264, 0.096612982, 0.096611723, 0.096610494, 0.09660928, 0.096608102, 0.096606977, 0.096605852, 0.09660475, 0.096603662, 0.096602619, 0.096601576, 0.096600585, 0.096599586, 0.096598625, 0.096597672, 0.096596763, 0.096595854, 0.096594974, 0.096594095, 0.096593261, 0.096592426, 0.096591622, 0.096590824, 0.096590035, 0.09658929, 0.096588545, 0.096587837, 0.096587136, 0.096586406, 0.096585736, 0.096585065, 0.096584424, 0.096583784, 0.096583173]
[8.8841829, 7.5117126, 6.3662224, 5.4028263, 4.5905204, 3.904834, 3.3256023, 2.8359962, 2.4219129, 2.0715127, 1.7748475, 1.5235507, 1.3105806, 1.1300068, 0.97683108, 0.84683847, 0.73647189, 0.64272827, 0.56307012, 0.49535263, 0.43776208, 0.38876337, 0.34705722, 0.31154314, 0.28128844, 0.25550279, 0.23351566, 0.21475841, 0.19874829, 0.1850756, 0.17339222, 0.16340256, 0.15485528, 0.14753684, 0.14126557, 0.135887, 0.13126963, 0.12730165, 0.12388776, 0.12094695, 0.11841011, 0.1162184, 0.11432168, 0.11267723, 0.11124864, 0.11000482, 0.1089193, 0.10796943, 0.10713595, 0.10640238, 0.10575467, 0.10518079, 0.10467052, 0.10421506, 0.1038069, 0.10343966, 0.10310785, 0.10280678, 0.1025324, 0.10228132, 0.10205052, 0.10183752, 0.10164012, 0.10145643, 0.1012849, 0.10112412, 0.10097289, 0.1008302, 0.10069515, 0.10056697, 0.100445, 0.10032869, 0.10021748, 0.10011098, 0.10000878, 0.099910572, 0.099816062, 0.099724978, 0.099637076, 0.099552207, 0.099470131, 0.099390738, 0.099313825, 0.09923932, 0.099167101, 0.099097036, 0.099029027, 0.098963, 0.098898903, 0.098836601, 0.098776087, 0.09871725, 0.098660037, 0.098604426, 0.098550297, 0.098497674, 0.098446496, 0.098396674, 0.098348208, 0.098301008, 0.098255098, 0.098210432, 0.098166935, 0.098124593, 0.098083392, 0.098043248, 0.098004207, 0.097966172, 0.097929157, 0.097893089, 0.097857997, 0.097823836, 0.097790554, 0.097758166, 0.097726621, 0.097695902, 0.097665995, 0.097636864, 0.097608507, 0.097580902, 0.097554006, 0.097527832, 0.097502336, 0.097477511, 0.097453326, 0.097429782, 0.097406849, 0.09738455, 0.097362801, 0.097341627, 0.097321004, 0.097300932, 0.097281396, 0.097262368, 0.097243816, 0.097225785, 0.097208217, 0.09719108, 0.097174436, 0.097158186, 0.097142391, 0.097126991, 0.097112, 0.097097427, 0.097083203, 0.09706936, 0.097055897, 0.097042769, 0.097029999, 0.097017542, 0.097005419, 0.096993625, 0.096982129, 0.096970946, 0.096960038, 0.096949428, 0.096939102, 0.096929044, 0.096919224, 0.096909694, 0.096900403, 0.096891358, 0.096882537, 0.096873969, 0.096865594, 0.096857443, 0.096849546, 0.096841812, 0.096834302, 0.096826993, 0.096819878, 0.096812919, 0.096806169, 0.096799582, 0.096793205, 0.096786961, 0.096780881, 0.096774943, 0.096769206, 0.096763581, 0.09675812, 0.096752807, 0.096747622, 0.096742585, 0.096737683, 0.09673287, 0.096728228, 0.096723668, 0.096719265, 0.096714973, 0.096710786, 0.096706688, 0.09670274, 0.096698865, 0.096695095, 0.09669143, 0.096687861, 0.096684366, 0.096680984, 0.096677676, 0.096674472, 0.096671358, 0.096668288, 0.096665353, 0.096662462, 0.096659631, 0.096656889, 0.096654236, 0.096651636, 0.096649118, 0.096646652, 0.096644223, 0.096641906, 0.096639633, 0.09663742, 0.096635267, 0.096633159, 0.096631125, 0.096629113, 0.096627183, 0.096625283, 0.096623436, 0.096621677, 0.096619919, 0.09661822, 0.096616566, 0.096614964, 0.096613377, 0.096611872, 0.096610382, 0.096608922, 0.096607506, 0.09660615, 0.096604802, 0.096603513, 0.096602231, 0.096601009, 0.09659981, 0.09659864, 0.096597493, 0.09659639, 0.096595317, 0.096594229, 0.096593231, 0.096592233, 0.096591264, 0.096590295, 0.096589379, 0.096588485, 0.096587598, 0.096586756, 0.096585929, 0.09658511, 0.096584328, 0.096583575, 0.096582815, 0.096582115, 0.096581399, 0.096580692, 0.096580029, 0.09657938, 0.096578732, 0.096578121, 0.096577525, 0.096576944, 0.096576355, 0.096575812, 0.09657526, 0.096574739, 0.096574217, 0.096573725, 0.096573241, 0.096572757, 0.096572295, 0.096571833, 0.096571401, 0.096570998, 0.096570574, 0.096570164, 0.096569754, 0.096569389, 0.096569017, 0.096568644, 0.096568286, 0.096567936, 0.096567608, 0.096567288, 0.09656696, 0.096566647, 0.096566364, 0.096566059, 0.096565776, 0.096565485, 0.096565224, 0.096564949, 0.096564695, 0.096564442, 0.096564189, 0.096563965, 0.096563742, 0.096563503]
[14.862609, 11.992435, 9.8610678, 8.1416578, 6.7316952, 5.5716343, 4.6162906, 3.8291531, 3.1803505, 2.6453748, 2.2041008, 1.8399932, 1.5394586, 1.2913171, 1.08637, 0.91704559, 0.77710855, 0.66142249, 0.56575459, 0.48661566, 0.42112827, 0.36691901, 0.32202941, 0.28484315, 0.25402585, 0.22847539, 0.20728163, 0.18969256, 0.17508665, 0.16295019, 0.1528585, 0.14446034, 0.13746521, 0.13163285, 0.12676436, 0.12269522, 0.11928913, 0.11643334, 0.11403444, 0.11201507, 0.11031113, 0.10886955, 0.10764625, 0.10660475, 0.10571484, 0.1049514, 0.10429356, 0.10372409, 0.10322864, 0.10279527, 0.10241407, 0.10207684, 0.10177672, 0.10150801, 0.10126598, 0.10104666, 0.10084675, 0.10066351, 0.10049463, 0.10033819, 0.10019256, 0.10005642, 0.099928595, 0.099808142, 0.099694252, 0.099586226, 0.099483505, 0.099385574, 0.099291995, 0.099202432, 0.099116549, 0.099034071, 0.098954797, 0.098878488, 0.098804966, 0.098734051, 0.098665662, 0.098599605, 0.098535791, 0.098474115, 0.098414496, 0.098356813, 0.098301001, 0.098247007, 0.098194703, 0.098144099, 0.098095067, 0.098047607, 0.098001629, 0.09795709, 0.097913958, 0.097872138, 0.097831637, 0.09779238, 0.097754344, 0.097717479, 0.097681768, 0.097647145, 0.097613618, 0.097581096, 0.097549587, 0.09751904, 0.097489446, 0.097460732, 0.097432949, 0.097405992, 0.097379848, 0.097354539, 0.097329982, 0.097306207, 0.09728314, 0.097260788, 0.097239137, 0.097218141, 0.097197786, 0.097178057, 0.097158931, 0.097140417, 0.097122423, 0.097105011, 0.097088128, 0.097071782, 0.097055927, 0.097040549, 0.097025648, 0.097011209, 0.096997201, 0.096983626, 0.096970484, 0.096957721, 0.09694536, 0.096933365, 0.096921779, 0.096910529, 0.096899629, 0.096889034, 0.096878782, 0.096868843, 0.096859232, 0.096849889, 0.096840844, 0.096832074, 0.096823558, 0.096815333, 0.096807338, 0.096799597, 0.096792094, 0.096784815, 0.096777767, 0.096770935, 0.096764311, 0.096757881, 0.096751675, 0.096745633, 0.096739769, 0.096734107, 0.096728615, 0.096723288, 0.096718118, 0.096713141, 0.096708283, 0.096703589, 0.096699014, 0.096694604, 0.096690312, 0.096686177, 0.096682139, 0.096678257, 0.096674465, 0.096670806, 0.09666726, 0.096663818, 0.096660472, 0.096657246, 0.096654102, 0.096651055, 0.096648119, 0.096645273, 0.096642502, 0.096639827, 0.096637204, 0.096634708, 0.096632242, 0.096629903, 0.096627608, 0.096625373, 0.09662322, 0.096621126, 0.096619099, 0.096617118, 0.096615233, 0.096613392, 0.096611589, 0.096609861, 0.096608162, 0.096606553, 0.096604973, 0.096603423, 0.096601956, 0.096600518, 0.096599132, 0.096597761, 0.096596465, 0.096595213, 0.096593976, 0.096592769, 0.096591622, 0.096590497, 0.096589416, 0.096588358, 0.096587345, 0.096586354, 0.096585378, 0.096584484, 0.09658356, 0.096582696, 0.096581832, 0.096581027, 0.096580222, 0.096579447, 0.096578717, 0.096577987, 0.096577294, 0.096576601, 0.096575961, 0.096575305, 0.096574672, 0.09657409, 0.096573509, 0.096572936, 0.096572399, 0.096571863, 0.096571341, 0.096570849, 0.096570358, 0.096569888, 0.096569449, 0.096569009, 0.096568577, 0.096568167, 0.096567765, 0.096567377, 0.09656699, 0.096566632, 0.096566275, 0.096565932, 0.096565604, 0.096565284, 0.096564963, 0.096564673, 0.096564382, 0.096564099, 0.096563831, 0.096563548, 0.096563295, 0.096563026, 0.09656281, 0.096562564, 0.096562356, 0.096562088, 0.096561879, 0.096561685, 0.096561477, 0.096561283, 0.096561104, 0.096560925, 0.096560746, 0.096560568, 0.096560389, 0.09656024, 0.096560076, 0.096559942, 0.096559778, 0.096559644, 0.096559495, 0.096559376, 0.096559249, 0.096559107, 0.096558988, 0.096558869, 0.096558742, 0.096558653, 0.096558534, 0.096558422, 0.096558325, 0.096558213, 0.096558131, 0.096558049, 0.096557945, 0.096557878, 0.096557781, 0.096557707, 0.09655761, 0.096557543, 0.096557468, 0.096557409, 0.096557319, 0.096557267, 0.09655717, 0.09655714, 0.096557051]
[11.962521, 9.1755114, 7.3377166, 5.9016218, 4.7555299, 3.8384156, 3.104039, 2.5157189, 2.0442002, 1.6661251, 1.3628371, 1.119427, 0.92397696, 0.76695514, 0.64073604, 0.53921634, 0.45750958, 0.39170194, 0.33865765, 0.29586333, 0.26130396, 0.23336327, 0.21074459, 0.19240728, 0.17751577, 0.16539916, 0.15551843, 0.14744037, 0.14081678, 0.13536763, 0.13086769, 0.12713569, 0.12402567, 0.12142016, 0.11922446, 0.11736222, 0.11577189, 0.11440381, 0.11321782, 0.11218157, 0.11126883, 0.11045834, 0.10973298, 0.10907878, 0.10848436, 0.10794054, 0.10743981, 0.106976, 0.1065441, 0.10613998, 0.10576022, 0.10540202, 0.10506305, 0.10474132, 0.10443525, 0.10414342, 0.10386466, 0.10359799, 0.10334253, 0.10309753, 0.10286236, 0.10263641, 0.10241921, 0.10221027, 0.10200921, 0.1018156, 0.10162917, 0.10144953, 0.10127645, 0.10110965, 0.10094884, 0.1007938, 0.10064429, 0.10050014, 0.10036112, 0.10022704, 0.1000977, 0.099972963, 0.099852622, 0.099736527, 0.099624559, 0.099516518, 0.099412329, 0.099311769, 0.099214748, 0.099121213, 0.099030904, 0.098943815, 0.09885975, 0.098778702, 0.098700456, 0.098624989, 0.098552197, 0.098481938, 0.098414145, 0.098348759, 0.09828566, 0.098224796, 0.098166063, 0.098109379, 0.098054707, 0.098001972, 0.097951077, 0.09790197, 0.097854592, 0.097808883, 0.09776479, 0.097722217, 0.09768118, 0.097641565, 0.097603351, 0.097566471, 0.097530901, 0.097496562, 0.097463459, 0.097431503, 0.09740068, 0.097370952, 0.097342245, 0.097314559, 0.097287849, 0.097262062, 0.0972372, 0.097213216, 0.09719006, 0.097167738, 0.097146161, 0.097125396, 0.097105324, 0.097085983, 0.097067311, 0.097049303, 0.097031891, 0.097015128, 0.09699896, 0.096983328, 0.096968271, 0.096953757, 0.096939728, 0.096926205, 0.096913137, 0.096900545, 0.096888393, 0.096876666, 0.096865356, 0.096854448, 0.096843913, 0.096833766, 0.096823946, 0.096814498, 0.096805371, 0.096796587, 0.096788079, 0.096779868, 0.096771978, 0.096764363, 0.096756995, 0.096749902, 0.096743047, 0.096736431, 0.096730061, 0.096723884, 0.096717954, 0.096712232, 0.096706718, 0.096701376, 0.096696228, 0.096691266, 0.09668649, 0.096681848, 0.096677393, 0.096673101, 0.096668944, 0.096664943, 0.096661091, 0.096657343, 0.096653759, 0.096650295, 0.096646927, 0.096643724, 0.096640602, 0.096637592, 0.096634686, 0.096631885, 0.09662918, 0.09662658, 0.096624061, 0.096621647, 0.096619315, 0.096617043, 0.096614867, 0.096612759, 0.09661074, 0.09660878, 0.09660691, 0.096605062, 0.096603312, 0.09660162, 0.096599989, 0.096598402, 0.096596882, 0.096595421, 0.096594006, 0.096592635, 0.096591309, 0.096590027, 0.096588805, 0.096587628, 0.096586473, 0.096585378, 0.096584313, 0.096583277, 0.096582279, 0.096581347, 0.096580423, 0.096579522, 0.09657868, 0.096577838, 0.096577033, 0.096576266, 0.096575543, 0.096574821, 0.09657412, 0.096573457, 0.096572809, 0.096572183, 0.09657158, 0.096571006, 0.096570447, 0.096569911, 0.096569389, 0.09656889, 0.096568406, 0.096567929, 0.096567497, 0.096567042, 0.096566632, 0.09656623, 0.096565843, 0.09656544, 0.09656509, 0.096564747, 0.096564405, 0.096564084, 0.096563756, 0.096563458, 0.096563153, 0.096562877, 0.096562609, 0.096562333, 0.096562102, 0.096561834, 0.096561611, 0.096561387, 0.096561156, 0.09656094, 0.096560746, 0.096560545, 0.096560359, 0.096560173, 0.096559986, 0.096559823, 0.096559659, 0.096559495, 0.096559338, 0.096559189, 0.096559048, 0.096558914, 0.096558787, 0.096558653, 0.096558541, 0.096558407, 0.096558318, 0.096558169, 0.096558064, 0.09655796, 0.096557878, 0.096557766, 0.096557677, 0.096557602, 0.096557483, 0.096557438, 0.096557349, 0.09655726, 0.096557185, 0.096557111, 0.096557051, 0.096556976, 0.096556902, 0.096556842, 0.096556783, 0.096556731, 0.096556678, 0.096556619, 0.096556574, 0.096556507, 0.096556462, 0.096556418, 0.09655638, 0.096556321, 0.096556276]
[11.690865, 9.1085577, 7.1174593, 5.5721674, 4.3711643, 3.4367466, 2.709034, 2.1417887, 1.6992534, 1.3537371, 1.0837684, 0.87267786, 0.70751059, 0.57818878, 0.47686473, 0.39742303, 0.33509409, 0.28615537, 0.24769968, 0.21745519, 0.19364569, 0.17488152, 0.16007517, 0.148375, 0.13911401, 0.1317693, 0.12593113, 0.12127807, 0.11755793, 0.11457284, 0.1121674, 0.11021961, 0.10863355, 0.10733391, 0.1062614, 0.10536937, 0.10462115, 0.10398782, 0.10344659, 0.10297947, 0.10257228, 0.10221377, 0.10189509, 0.10160916, 0.1013504, 0.10111436, 0.10089746, 0.10069688, 0.1005103, 0.10033588, 0.10017214, 0.10001785, 0.099871971, 0.099733733, 0.099602401, 0.099477403, 0.099358261, 0.099244535, 0.099135876, 0.099031948, 0.098932505, 0.098837264, 0.098745979, 0.098658532, 0.098574638, 0.098494194, 0.098417029, 0.09834297, 0.098271921, 0.098203711, 0.098138228, 0.098075382, 0.098015033, 0.097957112, 0.097901456, 0.097848065, 0.097796775, 0.097747535, 0.097700238, 0.097654819, 0.097611226, 0.097569339, 0.097529136, 0.097490527, 0.09745343, 0.097417809, 0.097383603, 0.097350761, 0.097319201, 0.097288907, 0.097259827, 0.097231887, 0.097205065, 0.097179294, 0.097154543, 0.097130783, 0.097107969, 0.097086042, 0.097064994, 0.097044781, 0.097025365, 0.097006746, 0.096988812, 0.096971624, 0.096955121, 0.096939266, 0.096924037, 0.096909404, 0.096895359, 0.096881859, 0.096868902, 0.096856467, 0.096844539, 0.09683305, 0.096822038, 0.096811466, 0.096801281, 0.096791551, 0.096782163, 0.096773155, 0.096764505, 0.09675622, 0.096748248, 0.096740603, 0.09673325, 0.096726164, 0.096719377, 0.096712872, 0.096706621, 0.096700624, 0.096694842, 0.096689314, 0.096683994, 0.096678883, 0.09667398, 0.096669257, 0.096664742, 0.096660405, 0.096656226, 0.096652225, 0.096648365, 0.096644677, 0.096641108, 0.096637696, 0.09663444, 0.096631281, 0.096628256, 0.096625373, 0.096622586, 0.096619919, 0.096617341, 0.096614875, 0.096612513, 0.096610233, 0.096608043, 0.096605957, 0.096603937, 0.096602008, 0.09660013, 0.096598357, 0.096596636, 0.096594989, 0.096593425, 0.09659189, 0.096590437, 0.096589044, 0.096587703, 0.096586406, 0.096585169, 0.096583962, 0.096582815, 0.09658172, 0.096580669, 0.096579671, 0.096578687, 0.096577771, 0.096576847, 0.09657599, 0.096575171, 0.096574381, 0.096573614, 0.096572898, 0.096572176, 0.096571498, 0.096570849, 0.096570209, 0.09656962, 0.096569046, 0.09656851, 0.096567973, 0.096567452, 0.09656696, 0.096566483, 0.096566036, 0.096565627, 0.096565217, 0.0965648, 0.096564405, 0.096564047, 0.096563697, 0.096563354, 0.096563026, 0.096562713, 0.096562408, 0.096562125, 0.096561849, 0.096561588, 0.096561328, 0.096561067, 0.096560851, 0.096560635, 0.096560389, 0.096560195, 0.096559994, 0.096559793, 0.096559599, 0.096559435, 0.096559256, 0.0965591, 0.096558936, 0.096558794, 0.096558645, 0.096558519, 0.096558377, 0.096558243, 0.096558124, 0.09655799, 0.096557885, 0.096557766, 0.096557677, 0.096557572, 0.096557453, 0.096557394, 0.096557289, 0.096557215, 0.096557125, 0.096557043, 0.096556954, 0.096556894, 0.09655682, 0.09655676, 0.096556686, 0.096556626, 0.096556567, 0.096556507, 0.09655647, 0.096556395, 0.096556358, 0.096556306, 0.096556261, 0.096556202, 0.096556187, 0.09655612, 0.09655609, 0.09655606, 0.096556023, 0.096555978, 0.096555933, 0.096555896, 0.096555874, 0.096555859, 0.096555814, 0.096555784, 0.096555769, 0.09655574, 0.09655571, 0.096555695, 0.09655568, 0.09655565, 0.09655562, 0.096555606, 0.096555591, 0.096555561, 0.096555561, 0.096555531, 0.096555516, 0.096555501, 0.096555486, 0.096555471, 0.096555471, 0.096555442, 0.096555442, 0.096555412, 0.096555427, 0.096555404, 0.096555382, 0.096555375, 0.096555367, 0.096555352, 0.096555352, 0.096555352, 0.096555315, 0.096555322, 0.096555315, 0.096555322, 0.096555293, 0.096555293, 0.096555278, 0.096555263, 0.096555278, 0.096555248]
[9.6719322, 7.3514433, 5.6008196, 4.2758493, 3.2724109, 2.5120499, 1.9355655, 1.498252, 1.1663296, 0.91425699, 0.72271228, 0.57706982, 0.46625388, 0.38187259, 0.31756479, 0.26850685, 0.23103932, 0.20238501, 0.18043536, 0.16358909, 0.15062954, 0.14063205, 0.13289368, 0.12687975, 0.12218349, 0.11849529, 0.11557942, 0.11325626, 0.11138901, 0.10987324, 0.1086293, 0.1075964, 0.10672802, 0.1059886, 0.10535088, 0.10479394, 0.1043017, 0.10386176, 0.10346454, 0.10310262, 0.10277026, 0.10246289, 0.10217692, 0.10190962, 0.1016587, 0.10142234, 0.10119906, 0.1009877, 0.1007872, 0.10059671, 0.10041554, 0.10024308, 0.1000787, 0.099922031, 0.099772543, 0.099629886, 0.099493697, 0.09936367, 0.099239446, 0.099120811, 0.099007443, 0.098899141, 0.098795652, 0.098696768, 0.098602235, 0.098511912, 0.098425582, 0.098343037, 0.098264158, 0.09818878, 0.098116718, 0.098047838, 0.097981989, 0.097919047, 0.097858906, 0.097801402, 0.097746417, 0.097693898, 0.097643659, 0.097595654, 0.097549766, 0.097505882, 0.097463965, 0.097423874, 0.097385556, 0.097348936, 0.097313926, 0.097280458, 0.09724848, 0.097217888, 0.097188674, 0.097160712, 0.097134024, 0.097108483, 0.09708409, 0.097060755, 0.097038448, 0.097017139, 0.096996754, 0.096977286, 0.096958667, 0.096940853, 0.096923865, 0.096907578, 0.096892044, 0.09687718, 0.096862972, 0.096849397, 0.09683641, 0.096824028, 0.096812151, 0.096800819, 0.096789978, 0.09677963, 0.096769735, 0.096760258, 0.096751198, 0.096742563, 0.0967343, 0.096726395, 0.096718848, 0.096711636, 0.096704721, 0.096698128, 0.096691802, 0.096685782, 0.09668003, 0.096674517, 0.096669249, 0.09666422, 0.096659407, 0.096654817, 0.096650422, 0.096646212, 0.096642196, 0.096638352, 0.096634671, 0.096631184, 0.096627809, 0.096624613, 0.096621551, 0.096618623, 0.096615829, 0.096613131, 0.096610591, 0.09660814, 0.0966058, 0.096603557, 0.096601419, 0.096599393, 0.096597433, 0.096595563, 0.096593767, 0.096592069, 0.09659043, 0.096588887, 0.096587412, 0.096585982, 0.096584618, 0.096583322, 0.096582055, 0.096580878, 0.09657976, 0.09657865, 0.096577615, 0.096576624, 0.096575662, 0.096574783, 0.096573912, 0.096573085, 0.096572295, 0.096571527, 0.096570805, 0.096570119, 0.096569449, 0.096568808, 0.096568219, 0.096567646, 0.096567079, 0.09656655, 0.096566066, 0.096565574, 0.09656512, 0.096564673, 0.096564248, 0.096563861, 0.096563466, 0.096563093, 0.096562743, 0.096562423, 0.096562088, 0.096561775, 0.096561477, 0.096561201, 0.096560925, 0.096560672, 0.096560448, 0.09656021, 0.096559979, 0.096559763, 0.096559547, 0.096559361, 0.096559167, 0.096559018, 0.096558817, 0.096558653, 0.096558496, 0.096558347, 0.096558228, 0.096558087, 0.096557952, 0.096557811, 0.096557707, 0.096557587, 0.096557483, 0.096557379, 0.096557274, 0.096557178, 0.096557081, 0.096557014, 0.096556932, 0.09655685, 0.096556768, 0.096556686, 0.096556619, 0.096556559, 0.096556492, 0.096556433, 0.09655638, 0.096556321, 0.096556284, 0.096556224, 0.096556164, 0.096556127, 0.096556082, 0.096556053, 0.096555978, 0.096555963, 0.096555933, 0.096555874, 0.096555844, 0.096555814, 0.096555784, 0.096555762, 0.09655571, 0.096555687, 0.09655568, 0.09655565, 0.096555628, 0.096555613, 0.096555576, 0.096555561, 0.096555553, 0.096555531, 0.096555501, 0.096555501, 0.096555486, 0.096555464, 0.096555449, 0.096555427, 0.096555419, 0.096555404, 0.096555389, 0.096555375, 0.096555382, 0.096555352, 0.096555352, 0.096555345, 0.096555322, 0.096555337, 0.096555308, 0.096555293, 0.0965553, 0.096555293, 0.096555278, 0.096555285, 0.096555255, 0.096555248, 0.096555248, 0.096555248, 0.096555248, 0.09655524, 0.096555233, 0.09655524, 0.096555226, 0.096555233, 0.096555211, 0.096555218, 0.096555218, 0.096555188, 0.096555188, 0.096555181, 0.096555188, 0.096555196, 0.096555173, 0.096555188, 0.096555181, 0.096555173, 0.096555166, 0.096555158, 0.096555166]
[12.089211, 8.7895069, 6.415525, 4.6969271, 3.450875, 2.5461357, 1.8883196, 1.4094118, 1.0603149, 0.8055312, 0.6193555, 0.48314729, 0.38337147, 0.3101874, 0.25643244, 0.21688715, 0.18774445, 0.1662246, 0.15029606, 0.13847296, 0.12966746, 0.12308253, 0.11813382, 0.1143925, 0.11154362, 0.10935573, 0.10765857, 0.1063268, 0.10526802, 0.10441411, 0.1037147, 0.10313258, 0.10264021, 0.102217, 0.10184778, 0.10152116, 0.10122856, 0.10096364, 0.10072152, 0.10049845, 0.10029165, 0.1000989, 0.099918447, 0.099748947, 0.099589296, 0.09943857, 0.099296078, 0.099161133, 0.099033237, 0.098911881, 0.098796703, 0.098687336, 0.098583393, 0.098484613, 0.098390698, 0.098301426, 0.098216526, 0.098135769, 0.098058954, 0.097985893, 0.097916394, 0.097850263, 0.097787365, 0.097727522, 0.097670585, 0.097616434, 0.097564891, 0.097515844, 0.097469211, 0.09742482, 0.097382613, 0.097342446, 0.097304195, 0.097267829, 0.097233228, 0.097200289, 0.097168982, 0.09713918, 0.097110823, 0.097083837, 0.097058184, 0.097033761, 0.097010531, 0.09698841, 0.096967354, 0.096947342, 0.096928298, 0.096910179, 0.096892953, 0.096876547, 0.096860945, 0.096846089, 0.096831948, 0.096818522, 0.096805722, 0.096793562, 0.096781991, 0.096770972, 0.096760489, 0.096750528, 0.096741036, 0.096732013, 0.096723422, 0.096715264, 0.096707486, 0.096700072, 0.096693039, 0.096686348, 0.096679978, 0.096673921, 0.096668147, 0.096662655, 0.09665744, 0.096652478, 0.096647747, 0.096643239, 0.096638978, 0.096634895, 0.096631028, 0.096627332, 0.096623823, 0.096620493, 0.096617304, 0.096614301, 0.096611433, 0.096608698, 0.096606091, 0.096603617, 0.096601255, 0.096599028, 0.096596904, 0.09659487, 0.096592933, 0.0965911, 0.096589357, 0.096587703, 0.096586108, 0.096584611, 0.096583188, 0.096581817, 0.096580528, 0.096579283, 0.096578114, 0.096576989, 0.096575938, 0.096574925, 0.096573971, 0.096573055, 0.096572168, 0.096571341, 0.096570551, 0.096569799, 0.096569091, 0.096568413, 0.096567772, 0.096567154, 0.096566558, 0.096566021, 0.096565478, 0.096564978, 0.096564509, 0.096564069, 0.096563607, 0.09656319, 0.096562803, 0.09656246, 0.09656208, 0.096561752, 0.096561417, 0.096561119, 0.096560851, 0.096560553, 0.096560284, 0.096560039, 0.096559785, 0.096559584, 0.096559346, 0.096559159, 0.096558958, 0.096558765, 0.096558608, 0.096558414, 0.096558273, 0.096558109, 0.096557975, 0.096557811, 0.096557692, 0.096557565, 0.096557453, 0.096557356, 0.096557237, 0.09655714, 0.096557029, 0.096556932, 0.096556865, 0.096556783, 0.096556671, 0.096556611, 0.096556529, 0.09655647, 0.09655638, 0.096556336, 0.096556276, 0.096556231, 0.096556157, 0.096556112, 0.096556075, 0.096556045, 0.096555986, 0.096555933, 0.096555904, 0.096555851, 0.096555829, 0.096555799, 0.096555755, 0.096555732, 0.096555695, 0.096555673, 0.09655565, 0.096555613, 0.096555606, 0.096555576, 0.096555546, 0.096555531, 0.096555509, 0.096555479, 0.096555471, 0.096555464, 0.096555442, 0.096555427, 0.096555412, 0.096555397, 0.096555382, 0.096555367, 0.09655536, 0.096555352, 0.096555337, 0.096555315, 0.096555308, 0.096555308, 0.096555293, 0.096555293, 0.096555293, 0.096555278, 0.096555263, 0.096555255, 0.096555248, 0.096555248, 0.096555233, 0.096555233, 0.096555226, 0.096555218, 0.096555218, 0.096555211, 0.096555218, 0.096555211, 0.096555203, 0.096555203, 0.096555188, 0.096555203, 0.096555166, 0.096555196, 0.096555173, 0.096555166, 0.096555173, 0.096555166, 0.096555181, 0.096555173, 0.096555151, 0.096555166, 0.096555166, 0.096555158, 0.096555151, 0.096555151, 0.096555136, 0.096555158, 0.096555144, 0.096555158, 0.096555151, 0.096555158, 0.096555144, 0.096555144, 0.096555144, 0.096555144, 0.096555114, 0.096555129, 0.096555144, 0.096555129, 0.096555136, 0.096555144, 0.096555144, 0.096555129, 0.096555129, 0.096555144, 0.096555136, 0.096555129, 0.096555129, 0.096555136, 0.096555121, 0.096555136, 0.096555129]
[10.845718, 7.6184497, 5.4353895, 3.8916848, 2.7982647, 2.0228283, 1.4722819, 1.0809911, 0.80260676, 0.60434932, 0.46300846, 0.36213055, 0.290041, 0.23844883, 0.2014614, 0.17488793, 0.15574589, 0.14191154, 0.13187169, 0.12454755, 0.1191697, 0.11518906, 0.11221342, 0.10996259, 0.10823615, 0.10689067, 0.10582338, 0.10496055, 0.10424919, 0.10365115, 0.10313891, 0.10269251, 0.10229747, 0.10194317, 0.10162184, 0.10132772, 0.10105643, 0.10080473, 0.10057013, 0.10035059, 0.10014464, 0.099950954, 0.099768519, 0.099596456, 0.099434018, 0.099280551, 0.099135458, 0.098998256, 0.098868474, 0.098745644, 0.0986294, 0.098519355, 0.098415181, 0.09831655, 0.09822318, 0.098134764, 0.098051026, 0.097971752, 0.097896665, 0.097825564, 0.097758263, 0.097694471, 0.097634114, 0.097576931, 0.097522795, 0.09747152, 0.09742295, 0.097376972, 0.097333416, 0.097292177, 0.097253114, 0.097216129, 0.097181097, 0.097147934, 0.097116522, 0.097086772, 0.097058609, 0.097031906, 0.097006656, 0.096982732, 0.096960075, 0.096938625, 0.0969183, 0.096899047, 0.096880823, 0.09686356, 0.096847221, 0.096831746, 0.096817091, 0.096803203, 0.09679006, 0.096777618, 0.096765816, 0.096754655, 0.09674409, 0.096734077, 0.0967246, 0.096715614, 0.096707106, 0.096699052, 0.096691415, 0.096684203, 0.096677378, 0.096670888, 0.096664742, 0.096658938, 0.096653439, 0.096648224, 0.096643299, 0.09663862, 0.096634179, 0.09663, 0.096626043, 0.096622288, 0.096618749, 0.096615344, 0.096612163, 0.096609145, 0.096606284, 0.096603572, 0.096601009, 0.096598566, 0.096596263, 0.096594088, 0.096592031, 0.096590064, 0.096588209, 0.096586466, 0.096584812, 0.096583217, 0.096581727, 0.096580327, 0.096578993, 0.096577734, 0.096576519, 0.096575394, 0.096574306, 0.096573293, 0.09657234, 0.096571423, 0.096570574, 0.096569747, 0.096568987, 0.096568234, 0.096567541, 0.096566871, 0.09656626, 0.096565679, 0.096565127, 0.096564591, 0.096564092, 0.096563607, 0.096563153, 0.096562728, 0.096562311, 0.096561931, 0.096561588, 0.096561253, 0.096560925, 0.096560612, 0.096560307, 0.096560046, 0.096559785, 0.096559539, 0.096559301, 0.096559092, 0.096558869, 0.096558668, 0.096558481, 0.09655831, 0.096558139, 0.096557967, 0.096557826, 0.096557677, 0.096557558, 0.096557438, 0.096557312, 0.096557185, 0.096557081, 0.096556976, 0.096556872, 0.096556783, 0.096556693, 0.096556619, 0.096556529, 0.096556455, 0.09655638, 0.096556321, 0.096556254, 0.096556187, 0.096556142, 0.096556082, 0.09655603, 0.096555993, 0.096555941, 0.096555889, 0.096555859, 0.096555814, 0.096555784, 0.09655574, 0.09655571, 0.096555665, 0.096555658, 0.09655562, 0.096555606, 0.096555576, 0.096555553, 0.096555531, 0.096555501, 0.096555479, 0.096555449, 0.096555449, 0.096555434, 0.096555419, 0.096555382, 0.096555382, 0.096555367, 0.096555352, 0.096555337, 0.096555345, 0.096555322, 0.096555315, 0.096555308, 0.096555263, 0.096555278, 0.096555278, 0.096555248, 0.096555255, 0.096555263, 0.096555233, 0.096555233, 0.096555233, 0.096555218, 0.096555218, 0.096555218, 0.096555218, 0.096555218, 0.096555196, 0.096555188, 0.096555188, 0.096555188, 0.096555173, 0.096555173, 0.096555188, 0.096555173, 0.096555166, 0.096555188, 0.096555173, 0.096555158, 0.096555173, 0.096555158, 0.096555144, 0.096555151, 0.096555158, 0.096555151, 0.096555158, 0.096555158, 0.096555144, 0.096555158, 0.096555144, 0.096555129, 0.096555151, 0.096555129, 0.096555144, 0.096555144, 0.096555129, 0.096555136, 0.096555129, 0.096555144, 0.096555136, 0.096555129, 0.096555129, 0.096555129, 0.096555121, 0.096555144, 0.096555121, 0.096555144, 0.096555136, 0.096555121, 0.096555129, 0.096555144, 0.096555121, 0.096555121, 0.096555129, 0.096555121, 0.096555121, 0.096555129, 0.096555129, 0.096555121, 0.096555121, 0.096555129, 0.096555129, 0.096555129, 0.096555114, 0.096555121, 0.096555144, 0.096555129, 0.096555129, 0.096555136, 0.096555121, 0.096555114]
[14.104802, 8.2509556, 5.658864, 3.9193487, 2.7273662, 1.9090879, 1.3467652, 0.95996165, 0.69364524, 0.51011908, 0.38353255, 0.29614043, 0.23574969, 0.19397494, 0.16504452, 0.14498276, 0.13104899, 0.12135266, 0.11458883, 0.10985617, 0.10653168, 0.1041846, 0.1025168, 0.10132195, 0.10045701, 0.099822834, 0.099350616, 0.098992616, 0.098715559, 0.098496333, 0.098318756, 0.098171577, 0.098046869, 0.097939044, 0.097844169, 0.097759463, 0.097682849, 0.097612947, 0.097548597, 0.097489052, 0.097433686, 0.097382039, 0.097333714, 0.09728843, 0.097245917, 0.097205967, 0.097168401, 0.09713304, 0.097099781, 0.097068444, 0.097038932, 0.097011104, 0.096984908, 0.096960202, 0.096936941, 0.096915022, 0.096894346, 0.096874863, 0.096856505, 0.09683919, 0.09682288, 0.096807495, 0.096793011, 0.096779361, 0.096766479, 0.096754342, 0.096742898, 0.09673214, 0.096721955, 0.096712373, 0.096703351, 0.096694849, 0.096686818, 0.096679263, 0.096672125, 0.09666542, 0.096659094, 0.096653089, 0.096647486, 0.096642181, 0.096637189, 0.096632473, 0.096628025, 0.096623838, 0.096619889, 0.096616179, 0.096612677, 0.096609369, 0.096606255, 0.096603319, 0.096600562, 0.096597962, 0.096595466, 0.096593171, 0.096590981, 0.09658891, 0.096586987, 0.096585155, 0.096583426, 0.096581802, 0.096580267, 0.096578844, 0.096577473, 0.096576184, 0.096574977, 0.096573845, 0.096572757, 0.096571743, 0.096570775, 0.096569888, 0.096569031, 0.096568242, 0.096567482, 0.096566781, 0.096566103, 0.096565478, 0.096564904, 0.096564323, 0.096563794, 0.096563295, 0.096562818, 0.096562386, 0.096561961, 0.096561566, 0.096561208, 0.096560851, 0.096560523, 0.096560225, 0.096559927, 0.096559644, 0.096559405, 0.096559137, 0.096558914, 0.096558698, 0.096558489, 0.096558288, 0.096558109, 0.096557945, 0.096557781, 0.09655764, 0.096557476, 0.096557364, 0.09655723, 0.096557081, 0.096556976, 0.096556894, 0.096556783, 0.096556678, 0.096556596, 0.096556515, 0.096556425, 0.096556351, 0.096556291, 0.096556216, 0.096556157, 0.096556082, 0.096556038, 0.096555993, 0.096555933, 0.096555904, 0.096555836, 0.096555807, 0.096555769, 0.09655574, 0.096555695, 0.096555665, 0.09655562, 0.096555576, 0.096555568, 0.096555546, 0.096555516, 0.096555494, 0.096555494, 0.096555457, 0.096555434, 0.096555427, 0.096555397, 0.096555382, 0.096555367, 0.096555352, 0.096555345, 0.096555337, 0.096555322, 0.0965553, 0.096555293, 0.096555285, 0.096555278, 0.096555263, 0.096555263, 0.096555255, 0.096555233, 0.096555248, 0.096555218, 0.096555226, 0.096555226, 0.096555203, 0.096555203, 0.096555203, 0.096555188, 0.096555203, 0.096555203, 0.096555166, 0.096555188, 0.096555196, 0.096555173, 0.096555166, 0.096555181, 0.096555158, 0.096555158, 0.096555158, 0.096555144, 0.096555151, 0.096555158, 0.096555158, 0.096555144, 0.096555144, 0.096555151, 0.096555151, 0.096555144, 0.096555136, 0.096555144, 0.096555129, 0.096555129, 0.096555136, 0.096555129, 0.096555144, 0.096555129, 0.096555136, 0.096555151, 0.096555129, 0.096555129, 0.096555136, 0.096555144, 0.096555136, 0.096555136, 0.096555114, 0.096555129, 0.096555151, 0.096555114, 0.096555121, 0.096555136, 0.096555136, 0.096555129, 0.096555114, 0.096555129, 0.096555136, 0.096555121, 0.096555129, 0.096555121, 0.096555114, 0.096555114, 0.096555144, 0.096555129, 0.096555106, 0.096555129, 0.096555129, 0.096555121, 0.096555121, 0.096555121, 0.096555129, 0.096555136, 0.096555114, 0.096555136, 0.096555129, 0.096555129, 0.096555114, 0.096555121, 0.096555129, 0.096555114, 0.096555136, 0.096555114, 0.096555114, 0.096555121, 0.096555121, 0.096555121, 0.096555129, 0.096555129, 0.096555129, 0.096555114, 0.096555121, 0.096555114, 0.096555121, 0.096555129, 0.096555129, 0.096555114, 0.096555114, 0.096555121, 0.096555114, 0.096555129, 0.096555144, 0.096555129, 0.096555136, 0.096555121, 0.096555129, 0.096555114, 0.096555121, 0.096555114, 0.096555114, 0.096555114, 0.096555114, 0.096555121]
[13.42568, 8.1117563, 5.376781, 3.6122072, 2.4432843, 1.6659437, 1.1481555, 0.80277169, 0.57207334, 0.41776592, 0.31440565, 0.24506411, 0.19846392, 0.16708344, 0.14590038, 0.1315577, 0.12180916, 0.11515038, 0.11057288, 0.10739984, 0.1051768, 0.10359814, 0.1024582, 0.10161837, 0.10098514, 0.10049525, 0.1001059, 0.09978801, 0.099521682, 0.099293418, 0.09909381, 0.098916382, 0.098756552, 0.098611057, 0.098477639, 0.098354474, 0.098240331, 0.09813416, 0.098035201, 0.097942792, 0.097856387, 0.097775511, 0.097699761, 0.097628817, 0.097562291, 0.097499937, 0.09744145, 0.097386613, 0.097335152, 0.097286925, 0.097241662, 0.097199202, 0.097159378, 0.097121984, 0.097086951, 0.097054064, 0.097023204, 0.096994251, 0.096967101, 0.096941642, 0.096917734, 0.096895315, 0.096874289, 0.096854538, 0.096836023, 0.096818671, 0.096802376, 0.096787073, 0.09677273, 0.096759282, 0.096746653, 0.096734807, 0.096723691, 0.096713275, 0.0967035, 0.09669432, 0.096685715, 0.096677639, 0.096670061, 0.096662968, 0.096656293, 0.096650042, 0.096644163, 0.096638665, 0.096633479, 0.096628644, 0.096624106, 0.096619822, 0.096615836, 0.096612081, 0.096608579, 0.096605271, 0.096602172, 0.096599236, 0.096596517, 0.096593939, 0.096591569, 0.096589297, 0.096587196, 0.096585199, 0.096583351, 0.096581608, 0.096579954, 0.096578434, 0.096576989, 0.096575648, 0.096574374, 0.096573167, 0.096572064, 0.096571013, 0.09657006, 0.096569121, 0.096568227, 0.096567422, 0.09656667, 0.096565947, 0.096565284, 0.096564651, 0.096564062, 0.096563503, 0.096562989, 0.096562512, 0.096562043, 0.096561618, 0.096561223, 0.096560843, 0.096560486, 0.096560165, 0.096559852, 0.096559554, 0.096559294, 0.096559033, 0.096558787, 0.096558556, 0.096558332, 0.096558139, 0.09655796, 0.096557781, 0.096557617, 0.096557453, 0.096557304, 0.09655717, 0.096557043, 0.096556947, 0.096556835, 0.096556716, 0.096556641, 0.096556537, 0.09655644, 0.096556351, 0.096556276, 0.096556202, 0.096556142, 0.096556082, 0.096556023, 0.096555971, 0.096555918, 0.096555859, 0.096555822, 0.096555777, 0.096555725, 0.09655571, 0.09655565, 0.096555635, 0.096555606, 0.096555561, 0.096555531, 0.096555516, 0.096555486, 0.096555464, 0.096555442, 0.096555427, 0.096555397, 0.096555382, 0.096555382, 0.096555352, 0.096555337, 0.096555315, 0.096555308, 0.096555308, 0.096555278, 0.096555278, 0.096555278, 0.096555263, 0.096555263, 0.096555233, 0.09655524, 0.096555233, 0.096555226, 0.096555218, 0.096555218, 0.096555203, 0.096555203, 0.096555181, 0.096555188, 0.096555196, 0.096555188, 0.096555188, 0.096555158, 0.096555173, 0.096555181, 0.096555158, 0.096555158, 0.096555158, 0.096555158, 0.096555158, 0.096555144, 0.096555144, 0.096555151, 0.096555136, 0.096555158, 0.096555151, 0.096555158, 0.096555144, 0.096555121, 0.096555144, 0.096555129, 0.096555129, 0.096555144, 0.096555144, 0.096555136, 0.096555144, 0.096555144, 0.096555129, 0.096555129, 0.096555129, 0.096555136, 0.096555129, 0.096555129, 0.096555136, 0.096555114, 0.096555129, 0.096555121, 0.096555114, 0.096555129, 0.096555121, 0.096555136, 0.096555129, 0.096555114, 0.096555129, 0.096555114, 0.096555129, 0.096555129, 0.096555121, 0.096555114, 0.096555121, 0.096555121, 0.096555129, 0.096555129, 0.096555129, 0.096555136, 0.096555114, 0.096555129, 0.096555121, 0.096555129, 0.096555129, 0.096555121, 0.096555121, 0.096555121, 0.096555121, 0.096555129, 0.096555114, 0.096555114, 0.096555121, 0.096555121, 0.096555121, 0.096555129, 0.096555114, 0.096555114, 0.096555114, 0.096555121, 0.096555129, 0.096555114, 0.096555129, 0.096555129, 0.096555114, 0.096555129, 0.096555136, 0.096555129, 0.096555129, 0.096555114, 0.096555114, 0.096555121, 0.096555114, 0.096555114, 0.096555114, 0.096555114, 0.096555121, 0.096555114, 0.096555106, 0.096555114, 0.096555114, 0.096555121, 0.096555129, 0.096555114, 0.096555136, 0.096555136, 0.096555121, 0.096555121, 0.096555106, 0.096555114]
[12.482594, 7.3650846, 4.6764932, 3.0292602, 1.9843035, 1.3155975, 0.88614011, 0.60965955, 0.43128499, 0.31596988, 0.24126649, 0.19276378, 0.16119182, 0.14057741, 0.12706566, 0.11816517, 0.11226375, 0.10831684, 0.10564682, 0.10381361, 0.10253102, 0.10161266, 0.10093699, 0.10042454, 0.10002322, 0.099698871, 0.099428818, 0.099198073, 0.098996647, 0.098817654, 0.09865652, 0.098509945, 0.098375633, 0.098251894, 0.098137423, 0.098031253, 0.097932607, 0.097840771, 0.097755231, 0.09767548, 0.097601116, 0.097531728, 0.097466961, 0.097406536, 0.097350098, 0.097297415, 0.097248226, 0.097202308, 0.097159438, 0.097119398, 0.097082019, 0.097047105, 0.097014531, 0.096984088, 0.096955664, 0.09692914, 0.096904382, 0.096881241, 0.096859634, 0.09683945, 0.096820638, 0.096803039, 0.096786611, 0.096771285, 0.09675695, 0.096743599, 0.096731111, 0.096719459, 0.096708566, 0.096698403, 0.096688911, 0.09668006, 0.096671775, 0.096664041, 0.096656837, 0.096650094, 0.096643813, 0.096637934, 0.096632451, 0.096627325, 0.096622527, 0.096618086, 0.096613899, 0.09661001, 0.096606381, 0.096602976, 0.096599817, 0.096596837, 0.096594088, 0.096591502, 0.096589103, 0.096586838, 0.096584722, 0.09658277, 0.096580945, 0.096579239, 0.096577652, 0.096576139, 0.096574739, 0.096573465, 0.096572243, 0.09657111, 0.096570052, 0.096569061, 0.096568152, 0.096567273, 0.096566468, 0.096565716, 0.096565008, 0.09656436, 0.096563771, 0.096563168, 0.096562639, 0.096562117, 0.096561685, 0.096561238, 0.096560836, 0.096560456, 0.096560121, 0.096559793, 0.096559465, 0.096559197, 0.096558899, 0.09655866, 0.096558422, 0.096558198, 0.096557997, 0.096557818, 0.096557617, 0.096557476, 0.096557304, 0.09655717, 0.096557036, 0.096556917, 0.096556783, 0.096556671, 0.096556574, 0.09655647, 0.096556395, 0.096556321, 0.096556231, 0.096556157, 0.096556097, 0.096556023, 0.096555956, 0.096555904, 0.096555859, 0.096555814, 0.096555762, 0.09655571, 0.09655568, 0.09655565, 0.096555598, 0.096555576, 0.096555546, 0.096555509, 0.096555494, 0.096555471, 0.096555464, 0.096555427, 0.096555389, 0.096555375, 0.09655536, 0.096555352, 0.096555337, 0.096555315, 0.096555293, 0.096555293, 0.096555263, 0.09655527, 0.096555263, 0.096555263, 0.096555233, 0.09655524, 0.096555233, 0.096555233, 0.096555211, 0.096555218, 0.096555218, 0.096555188, 0.096555203, 0.096555188, 0.096555181, 0.096555173, 0.096555173, 0.096555173, 0.096555173, 0.096555173, 0.096555144, 0.096555166, 0.096555158, 0.096555158, 0.096555158, 0.096555151, 0.096555144, 0.096555158, 0.096555136, 0.096555144, 0.096555144, 0.096555144, 0.096555136, 0.096555136, 0.096555144, 0.096555129, 0.096555129, 0.096555121, 0.096555129, 0.096555136, 0.096555136, 0.096555129, 0.096555136, 0.096555121, 0.096555129, 0.096555129, 0.096555129, 0.096555129, 0.096555136, 0.096555114, 0.096555114, 0.096555114, 0.096555121, 0.096555121, 0.096555114, 0.096555121, 0.096555129, 0.096555129, 0.096555129, 0.096555136, 0.096555114, 0.096555121, 0.096555136, 0.096555114, 0.096555114, 0.096555121, 0.096555129, 0.096555114, 0.096555136, 0.096555121, 0.096555121, 0.096555106, 0.096555121, 0.096555129, 0.096555121, 0.096555129, 0.096555106, 0.096555129, 0.096555121, 0.096555129, 0.096555114, 0.096555114, 0.096555106, 0.096555121, 0.096555129, 0.096555114, 0.096555114, 0.096555129, 0.096555114, 0.096555129, 0.096555114, 0.096555136, 0.096555121, 0.096555129, 0.096555121, 0.096555114, 0.096555106, 0.096555114, 0.096555114, 0.096555121, 0.096555114, 0.096555099, 0.096555114, 0.096555114, 0.096555121, 0.096555129, 0.096555121, 0.096555129, 0.096555121, 0.096555121, 0.096555106, 0.096555114, 0.096555121, 0.096555114, 0.096555121, 0.096555121, 0.096555121, 0.096555121, 0.096555136, 0.096555136, 0.096555114, 0.096555121, 0.096555114, 0.096555114, 0.096555114, 0.096555106, 0.096555114, 0.096555114, 0.096555121, 0.096555114, 0.096555114, 0.096555136, 0.096555129]
[13.065515, 7.3792462, 4.4787102, 2.8044419, 1.7906768, 1.1654915, 0.77670157, 0.53366601, 0.38108468, 0.28486609, 0.22387639, 0.18496636, 0.15993184, 0.14364253, 0.13288367, 0.12563713, 0.12063362, 0.11707328, 0.11445089, 0.11244642, 0.1108564, 0.10955088, 0.10844627, 0.10748832, 0.10664143, 0.10588177, 0.1051931, 0.10456404, 0.10398634, 0.10345384, 0.10296176, 0.10250616, 0.10208388, 0.10169214, 0.10132851, 0.10099084, 0.10067721, 0.10038583, 0.10011513, 0.099863574, 0.099629827, 0.099412605, 0.099210754, 0.099023148, 0.09884882, 0.098686792, 0.098536216, 0.098396271, 0.098266229, 0.098145358, 0.098033018, 0.097928636, 0.097831607, 0.097741447, 0.097657651, 0.097579762, 0.097507402, 0.097440124, 0.097377621, 0.097319521, 0.097265542, 0.097215347, 0.097168699, 0.097125366, 0.097085081, 0.097047649, 0.097012863, 0.096980542, 0.096950479, 0.096922547, 0.096896589, 0.096872471, 0.096850082, 0.096829221, 0.096809871, 0.096791871, 0.096775144, 0.096759602, 0.096745156, 0.096731745, 0.096719258, 0.096707672, 0.096696898, 0.09668687, 0.096677579, 0.096668929, 0.096660882, 0.096653417, 0.096646458, 0.096640021, 0.09663403, 0.09662845, 0.096623272, 0.096618459, 0.096613988, 0.096609831, 0.096605964, 0.096602373, 0.096599028, 0.096595943, 0.09659303, 0.096590377, 0.096587881, 0.096585549, 0.096583411, 0.096581414, 0.096579552, 0.096577838, 0.096576229, 0.096574746, 0.096573345, 0.096572056, 0.096570872, 0.096569754, 0.096568704, 0.09656775, 0.096566856, 0.096566036, 0.096565269, 0.096564539, 0.096563876, 0.096563257, 0.096562691, 0.096562147, 0.096561663, 0.096561193, 0.096560776, 0.096560381, 0.096560009, 0.096559636, 0.096559338, 0.096559025, 0.096558765, 0.096558511, 0.096558273, 0.096558042, 0.096557833, 0.096557647, 0.096557468, 0.096557304, 0.09655714, 0.096557014, 0.096556865, 0.096556745, 0.096556634, 0.096556522, 0.096556425, 0.096556336, 0.096556254, 0.096556172, 0.096556082, 0.096556038, 0.096555971, 0.096555896, 0.096555844, 0.096555799, 0.096555755, 0.096555687, 0.09655568, 0.09655562, 0.096555591, 0.096555553, 0.096555531, 0.096555494, 0.096555471, 0.096555442, 0.096555427, 0.096555404, 0.096555382, 0.096555367, 0.096555352, 0.096555322, 0.096555322, 0.096555293, 0.09655527, 0.096555278, 0.09655527, 0.096555248, 0.096555233, 0.09655524, 0.096555233, 0.096555233, 0.096555218, 0.096555211, 0.096555203, 0.096555196, 0.096555203, 0.096555181, 0.096555188, 0.096555173, 0.096555173, 0.096555181, 0.096555158, 0.096555158, 0.096555166, 0.096555173, 0.096555158, 0.096555158, 0.096555158, 0.096555136, 0.096555144, 0.096555151, 0.096555144, 0.096555144, 0.096555144, 0.096555129, 0.096555129, 0.096555144, 0.096555129, 0.096555136, 0.096555144, 0.096555129, 0.096555129, 0.096555136, 0.096555144, 0.096555129, 0.096555129, 0.096555129, 0.096555129, 0.096555121, 0.096555114, 0.096555129, 0.096555144, 0.096555121, 0.096555129, 0.096555114, 0.096555114, 0.096555136, 0.096555129, 0.096555129, 0.096555129, 0.096555121, 0.096555121, 0.096555129, 0.096555129, 0.096555121, 0.096555114, 0.096555129, 0.096555129, 0.096555129, 0.096555121, 0.096555114, 0.096555129, 0.096555121, 0.096555114, 0.096555121, 0.096555114, 0.096555129, 0.096555129, 0.096555114, 0.096555114, 0.096555114, 0.096555114, 0.096555129, 0.096555114, 0.096555114, 0.096555129, 0.096555114, 0.096555129, 0.096555129, 0.096555129, 0.096555121, 0.096555114, 0.096555114, 0.096555099, 0.096555114, 0.096555121, 0.096555121, 0.096555114, 0.096555099, 0.096555099, 0.096555121, 0.096555121, 0.096555114, 0.096555144, 0.096555129, 0.096555129, 0.096555114, 0.096555114, 0.096555114, 0.096555114, 0.096555121, 0.096555121, 0.096555121, 0.096555121, 0.096555129, 0.096555136, 0.096555114, 0.096555129, 0.096555114, 0.096555106, 0.096555114, 0.096555114, 0.096555114, 0.096555121, 0.096555114, 0.096555121, 0.096555129, 0.096555129, 0.096555129, 0.096555129]
[12.972123, 7.7527847, 4.6848598, 2.8619936, 1.7720371, 1.1175505, 0.7232331, 0.4849188, 0.34040341, 0.25241664, 0.19857141, 0.16539271, 0.14475474, 0.13174903, 0.12340566, 0.1179244, 0.11421214, 0.11160341, 0.10969219, 0.10822973, 0.107063, 0.10609718, 0.1052729, 0.10455267, 0.10391222, 0.10333554, 0.10281173, 0.10233308, 0.10189395, 0.10148995, 0.1011176, 0.10077401, 0.10045668, 0.10016352, 0.099892497, 0.099641941, 0.099410251, 0.099195994, 0.098997816, 0.098814532, 0.098645009, 0.098488212, 0.098343194, 0.098209053, 0.098084956, 0.097970188, 0.097864024, 0.097765826, 0.097674996, 0.097590983, 0.097513258, 0.097441375, 0.097374886, 0.097313389, 0.097256526, 0.097203873, 0.097155206, 0.097110197, 0.097068533, 0.097030029, 0.0969944, 0.096961454, 0.096930981, 0.096902773, 0.096876681, 0.096852571, 0.096830249, 0.096809603, 0.096790522, 0.096772842, 0.096756518, 0.096741408, 0.096727438, 0.096714497, 0.096702553, 0.096691489, 0.096681252, 0.096671805, 0.096663043, 0.096654944, 0.096647456, 0.096640527, 0.09663412, 0.096628189, 0.096622705, 0.096617639, 0.09661296, 0.096608602, 0.096604601, 0.096600905, 0.096597463, 0.096594274, 0.096591346, 0.096588619, 0.096586108, 0.096583784, 0.096581638, 0.096579641, 0.096577808, 0.09657611, 0.096574515, 0.096573085, 0.096571729, 0.096570477, 0.096569322, 0.096568272, 0.096567281, 0.096566357, 0.0965655, 0.096564747, 0.096564002, 0.096563339, 0.096562751, 0.096562177, 0.096561641, 0.096561149, 0.096560709, 0.096560284, 0.096559882, 0.096559525, 0.096559197, 0.096558899, 0.096558616, 0.096558332, 0.096558109, 0.096557893, 0.096557677, 0.096557483, 0.096557304, 0.096557133, 0.096556991, 0.096556842, 0.096556716, 0.096556604, 0.0965565, 0.096556395, 0.096556291, 0.096556194, 0.096556127, 0.096556053, 0.096555978, 0.096555911, 0.096555859, 0.096555814, 0.09655574, 0.096555695, 0.096555665, 0.096555628, 0.096555576, 0.096555553, 0.096555501, 0.096555471, 0.096555464, 0.096555442, 0.096555427, 0.096555389, 0.096555367, 0.096555367, 0.09655533, 0.096555293, 0.096555293, 0.096555293, 0.096555278, 0.096555263, 0.096555263, 0.096555248, 0.096555233, 0.096555226, 0.096555211, 0.096555218, 0.096555188, 0.096555196, 0.096555196, 0.096555188, 0.096555188, 0.096555188, 0.096555173, 0.096555173, 0.096555158, 0.096555166, 0.096555166, 0.096555151, 0.096555151, 0.096555144, 0.096555151, 0.096555151, 0.096555144, 0.096555129, 0.096555136, 0.096555144, 0.096555136, 0.096555136, 0.096555144, 0.096555129, 0.096555114, 0.096555136, 0.096555136, 0.096555129, 0.096555144, 0.096555114, 0.096555121, 0.096555129, 0.096555129, 0.096555129, 0.096555114, 0.096555114, 0.096555144, 0.096555129, 0.096555129, 0.096555129, 0.096555114, 0.096555121, 0.096555129, 0.096555114, 0.096555121, 0.096555129, 0.096555136, 0.096555114, 0.096555129, 0.096555106, 0.096555121, 0.096555129, 0.096555121, 0.096555114, 0.096555114, 0.096555121, 0.096555121, 0.096555114, 0.096555121, 0.096555129, 0.096555129, 0.096555129, 0.096555129, 0.096555121, 0.096555121, 0.096555121, 0.096555114, 0.096555114, 0.096555114, 0.096555121, 0.096555129, 0.096555129, 0.096555129, 0.096555129, 0.096555121, 0.096555114, 0.096555114, 0.096555121, 0.096555136, 0.096555114, 0.096555099, 0.096555106, 0.096555114, 0.096555121, 0.096555121, 0.096555144, 0.096555129, 0.096555121, 0.096555106, 0.096555114, 0.096555114, 0.096555121, 0.096555129, 0.096555121, 0.096555121, 0.096555129, 0.096555129, 0.096555129, 0.096555129, 0.096555114, 0.096555106, 0.096555106, 0.096555114, 0.096555114, 0.096555114, 0.096555121, 0.096555129, 0.096555129, 0.096555129, 0.096555129, 0.096555129, 0.096555136, 0.096555129, 0.096555121, 0.096555129, 0.096555121, 0.096555129, 0.096555114, 0.096555106, 0.096555114, 0.096555121, 0.096555129, 0.096555114, 0.096555121, 0.096555121, 0.096555114, 0.096555129, 0.096555129, 0.096555129, 0.096555129, 0.096555114]
[8.5122299, 4.8879848, 2.8487036, 1.6898295, 1.0259402, 0.64305919, 0.42096323, 0.2914508, 0.21553072, 0.1707709, 0.14419979, 0.12828469, 0.11863583, 0.1126871, 0.10893442, 0.10649371, 0.10484411, 0.10367765, 0.10281163, 0.10213716, 0.10158876, 0.10112683, 0.10072694, 0.10037383, 0.10005768, 0.099771902, 0.099511921, 0.099274464, 0.099056944, 0.098857343, 0.098673999, 0.098505422, 0.098350361, 0.098207712, 0.098076425, 0.097955614, 0.0978444, 0.097741999, 0.097647771, 0.097561002, 0.097481146, 0.097407617, 0.097339913, 0.097277589, 0.097220257, 0.09716744, 0.097118825, 0.097074077, 0.097032867, 0.096994936, 0.096960008, 0.096927866, 0.096898258, 0.096871018, 0.096845947, 0.096822858, 0.096801594, 0.096782044, 0.096764028, 0.096747436, 0.09673214, 0.096718103, 0.096705154, 0.09669327, 0.096682265, 0.096672192, 0.096662894, 0.096654333, 0.096646458, 0.096639223, 0.09663251, 0.096626371, 0.096620731, 0.096615501, 0.096610725, 0.096606314, 0.096602246, 0.096598506, 0.096595049, 0.09659189, 0.096588947, 0.096586272, 0.096583813, 0.096581534, 0.096579432, 0.09657751, 0.09657573, 0.096574083, 0.096572593, 0.096571192, 0.096569911, 0.096568741, 0.096567675, 0.096566685, 0.096565761, 0.096564896, 0.096564136, 0.096563414, 0.096562758, 0.096562147, 0.096561596, 0.096561067, 0.096560597, 0.096560165, 0.096559778, 0.096559405, 0.096559063, 0.09655875, 0.096558467, 0.096558183, 0.096557945, 0.096557736, 0.096557528, 0.096557334, 0.096557148, 0.096557006, 0.096556842, 0.096556716, 0.096556574, 0.09655647, 0.096556358, 0.096556261, 0.096556164, 0.096556082, 0.096556015, 0.096555941, 0.096555866, 0.096555814, 0.096555755, 0.09655571, 0.09655565, 0.09655562, 0.096555583, 0.096555546, 0.096555501, 0.096555486, 0.096555442, 0.096555427, 0.096555404, 0.096555367, 0.096555352, 0.09655533, 0.096555322, 0.096555308, 0.096555285, 0.09655527, 0.096555263, 0.096555255, 0.096555248, 0.096555233, 0.096555218, 0.096555218, 0.096555218, 0.096555196, 0.096555196, 0.096555188, 0.096555181, 0.096555181, 0.096555166, 0.096555181, 0.096555166, 0.096555166, 0.096555173, 0.096555151, 0.096555144, 0.096555144, 0.096555129, 0.096555144, 0.096555144, 0.096555144, 0.096555144, 0.096555136, 0.096555129, 0.096555144, 0.096555144, 0.096555144, 0.096555144, 0.096555121, 0.096555129, 0.096555136, 0.096555121, 0.096555129, 0.096555114, 0.096555114, 0.096555121, 0.096555121, 0.096555121, 0.096555114, 0.096555114, 0.096555114, 0.096555129, 0.096555136, 0.096555129, 0.096555121, 0.096555121, 0.096555121, 0.096555129, 0.096555121, 0.096555129, 0.096555114, 0.096555121, 0.096555129, 0.096555114, 0.096555114, 0.096555114, 0.096555129, 0.096555114, 0.096555114, 0.096555121, 0.096555129, 0.096555136, 0.096555114, 0.096555114, 0.096555114, 0.096555121, 0.096555114, 0.096555114, 0.096555121, 0.096555136, 0.096555144, 0.096555136, 0.096555121, 0.096555121, 0.096555121, 0.096555106, 0.096555121, 0.096555114, 0.096555114, 0.096555099, 0.096555114, 0.096555114, 0.096555121, 0.096555121, 0.096555129, 0.096555129, 0.096555121, 0.096555114, 0.096555114, 0.096555114, 0.096555121, 0.096555121, 0.096555114, 0.096555129, 0.096555136, 0.096555114, 0.096555129, 0.096555114, 0.096555106, 0.096555106, 0.096555114, 0.096555114, 0.096555114, 0.096555114, 0.096555129, 0.096555121, 0.096555121, 0.096555129, 0.096555136, 0.096555136, 0.096555129, 0.096555129, 0.096555121, 0.096555129, 0.096555114, 0.096555106, 0.096555121, 0.096555121, 0.096555114, 0.096555129, 0.096555121, 0.096555129, 0.096555129, 0.096555129, 0.096555121, 0.096555129, 0.096555129, 0.096555129, 0.096555129, 0.096555144, 0.096555129, 0.096555129, 0.096555129, 0.096555129, 0.096555129, 0.096555114, 0.096555121, 0.096555114, 0.096555114, 0.096555114, 0.096555114, 0.096555114, 0.096555114, 0.096555114, 0.096555114, 0.096555121, 0.096555114, 0.096555121, 0.096555121, 0.096555114, 0.096555114, 0.096555129]
[12.395531, 6.7322917, 3.7294059, 2.110328, 1.2256269, 0.73699504, 0.46471748, 0.31181538, 0.22530428, 0.17595497, 0.14752099, 0.13091813, 0.12104261, 0.1150154, 0.11120674, 0.10869068, 0.10693929, 0.10565008, 0.10464872, 0.10383388, 0.1031459, 0.10254906, 0.10202136, 0.10154881, 0.1011221, 0.10073474, 0.10038189, 0.10005976, 0.099765301, 0.099495865, 0.099249244, 0.099023417, 0.098816559, 0.098627076, 0.098453507, 0.098294459, 0.098148763, 0.098015256, 0.097892955, 0.097780898, 0.097678229, 0.097584143, 0.09749794, 0.097418964, 0.097346634, 0.097280309, 0.097219586, 0.097163931, 0.097112924, 0.097066194, 0.097023383, 0.096984155, 0.096948236, 0.096915297, 0.096885137, 0.096857488, 0.096832171, 0.096808948, 0.096787706, 0.0967682, 0.096750349, 0.096734017, 0.096719012, 0.096705288, 0.096692711, 0.0966812, 0.096670635, 0.096660957, 0.096652098, 0.096643977, 0.096636534, 0.096629702, 0.096623451, 0.096617743, 0.096612498, 0.096607685, 0.096603289, 0.096599236, 0.096595563, 0.096592158, 0.096589066, 0.096586213, 0.09658362, 0.096581221, 0.096579053, 0.096577041, 0.096575193, 0.096573524, 0.096571982, 0.096570566, 0.09656927, 0.096568085, 0.09656699, 0.096566007, 0.096565105, 0.096564278, 0.096563488, 0.096562795, 0.096562147, 0.096561566, 0.096561015, 0.096560523, 0.096560061, 0.096559674, 0.096559294, 0.096558936, 0.096558616, 0.096558332, 0.096558049, 0.096557811, 0.09655758, 0.096557364, 0.096557178, 0.096556999, 0.096556835, 0.096556708, 0.096556574, 0.09655647, 0.096556343, 0.096556231, 0.096556142, 0.096556067, 0.096555993, 0.096555889, 0.096555829, 0.096555784, 0.09655574, 0.09655568, 0.09655562, 0.096555561, 0.096555553, 0.096555501, 0.096555486, 0.096555442, 0.096555427, 0.096555397, 0.096555367, 0.096555352, 0.096555322, 0.096555308, 0.096555308, 0.096555278, 0.096555278, 0.096555248, 0.096555248, 0.096555248, 0.096555233, 0.096555203, 0.096555218, 0.096555211, 0.096555196, 0.096555188, 0.096555173, 0.096555173, 0.096555181, 0.096555181, 0.096555166, 0.096555158, 0.096555158, 0.096555158, 0.096555144, 0.096555158, 0.096555129, 0.096555158, 0.096555144, 0.096555144, 0.096555158, 0.096555144, 0.096555144, 0.096555136, 0.096555144, 0.096555136, 0.096555144, 0.096555121, 0.096555136, 0.096555129, 0.096555136, 0.096555121, 0.096555129, 0.096555114, 0.096555129, 0.096555121, 0.096555144, 0.096555129, 0.096555121, 0.096555129, 0.096555136, 0.096555121, 0.096555129, 0.096555129, 0.096555136, 0.096555129, 0.096555121, 0.096555144, 0.096555129, 0.096555114, 0.096555121, 0.096555114, 0.096555129, 0.096555114, 0.096555114, 0.096555121, 0.096555129, 0.096555129, 0.096555129, 0.096555121, 0.096555129, 0.096555129, 0.096555121, 0.096555121, 0.096555106, 0.096555129, 0.096555129, 0.096555121, 0.096555129, 0.096555121, 0.096555114, 0.096555114, 0.096555114, 0.096555121, 0.096555106, 0.096555099, 0.096555121, 0.096555114, 0.096555121, 0.096555129, 0.096555129, 0.096555114, 0.096555114, 0.096555129, 0.096555121, 0.096555129, 0.096555121, 0.096555121, 0.096555129, 0.096555114, 0.096555129, 0.096555114, 0.096555114, 0.096555106, 0.096555114, 0.096555114, 0.096555129, 0.096555121, 0.096555129, 0.096555129, 0.096555129, 0.096555129, 0.096555129, 0.096555136, 0.096555121, 0.096555129, 0.096555129, 0.096555114, 0.096555114, 0.096555121, 0.096555121, 0.096555121, 0.096555129, 0.096555121, 0.096555129, 0.096555129, 0.096555129, 0.096555129, 0.096555129, 0.096555114, 0.096555129, 0.096555129, 0.096555144, 0.096555136, 0.096555129, 0.096555129, 0.096555129, 0.096555114, 0.096555121, 0.096555114, 0.096555114, 0.096555114, 0.096555114, 0.096555114, 0.096555114, 0.096555114, 0.096555121, 0.096555121, 0.096555121, 0.096555121, 0.096555121, 0.096555129, 0.096555121, 0.096555114, 0.096555121, 0.096555129, 0.096555106, 0.096555114, 0.096555114, 0.096555129, 0.096555129, 0.096555129, 0.096555129, 0.096555129, 0.096555129]
[12.405422, 7.2144179, 4.2545223, 2.5520444, 1.564548, 0.98695517, 0.64619637, 0.44330055, 0.32124406, 0.24693653, 0.20104375, 0.17219386, 0.15365455, 0.14141476, 0.13306901, 0.12716493, 0.12281929, 0.11949057, 0.11684367, 0.11466874, 0.11283267, 0.11124929, 0.10986178, 0.10863145, 0.10753125, 0.10654155, 0.10564749, 0.10483747, 0.10410213, 0.10343365, 0.10282535, 0.10227147, 0.10176691, 0.10130711, 0.10088804, 0.10050602, 0.10015774, 0.099840201, 0.099550679, 0.09928669, 0.099045947, 0.098826483, 0.098626308, 0.098443784, 0.098277375, 0.098125607, 0.09798722, 0.097861007, 0.09774594, 0.097641021, 0.097545326, 0.097458079, 0.097378515, 0.097305954, 0.097239777, 0.097179458, 0.097124428, 0.097074285, 0.097028539, 0.096986823, 0.096948773, 0.096914083, 0.096882448, 0.096853629, 0.096827313, 0.09680333, 0.096781462, 0.096761517, 0.096743315, 0.096726745, 0.096711606, 0.096697815, 0.096685246, 0.096673787, 0.096663326, 0.096653804, 0.096645094, 0.096637182, 0.096629933, 0.096623346, 0.096617326, 0.096611872, 0.096606851, 0.096602306, 0.096598133, 0.096594363, 0.096590891, 0.096587732, 0.096584871, 0.096582234, 0.096579865, 0.096577674, 0.096575692, 0.096573867, 0.096572228, 0.096570715, 0.09656933, 0.096568078, 0.096566945, 0.09656591, 0.096564941, 0.096564084, 0.096563302, 0.096562579, 0.096561916, 0.096561328, 0.096560776, 0.096560284, 0.09655983, 0.09655942, 0.096559033, 0.09655869, 0.09655837, 0.096558094, 0.096557818, 0.096557587, 0.096557364, 0.09655717, 0.096556991, 0.096556827, 0.096556678, 0.096556552, 0.09655641, 0.096556291, 0.096556216, 0.096556097, 0.096556015, 0.096555941, 0.096555859, 0.096555784, 0.09655574, 0.09655568, 0.096555635, 0.096555591, 0.096555553, 0.096555524, 0.096555471, 0.096555457, 0.096555427, 0.096555397, 0.096555367, 0.096555345, 0.096555337, 0.096555308, 0.096555285, 0.096555278, 0.096555263, 0.09655524, 0.096555233, 0.096555233, 0.096555226, 0.096555218, 0.096555211, 0.096555203, 0.096555188, 0.096555188, 0.096555188, 0.096555173, 0.096555166, 0.096555173, 0.096555158, 0.096555144, 0.096555151, 0.096555158, 0.096555144, 0.096555144, 0.096555144, 0.096555144, 0.096555136, 0.096555129, 0.096555144, 0.096555144, 0.096555121, 0.096555129, 0.096555144, 0.096555129, 0.096555136, 0.096555129, 0.096555129, 0.096555121, 0.096555114, 0.096555121, 0.096555121, 0.096555129, 0.096555129, 0.096555114, 0.096555114, 0.096555129, 0.096555121, 0.096555129, 0.096555106, 0.096555129, 0.096555114, 0.096555121, 0.096555121, 0.096555121, 0.096555114, 0.096555129, 0.096555129, 0.096555129, 0.096555114, 0.096555114, 0.096555121, 0.096555114, 0.096555129, 0.096555129, 0.096555114, 0.096555129, 0.096555114, 0.096555121, 0.096555114, 0.096555129, 0.096555121, 0.096555121, 0.096555121, 0.096555106, 0.096555114, 0.096555121, 0.096555121, 0.096555106, 0.096555106, 0.096555114, 0.096555121, 0.096555121, 0.096555129, 0.096555129, 0.096555114, 0.096555114, 0.096555129, 0.096555121, 0.096555129, 0.096555114, 0.096555129, 0.096555129, 0.096555114, 0.096555114, 0.096555114, 0.096555114, 0.096555106, 0.096555114, 0.096555121, 0.096555121, 0.096555129, 0.096555129, 0.096555129, 0.096555136, 0.096555136, 0.096555136, 0.096555129, 0.096555121, 0.096555129, 0.096555114, 0.096555114, 0.096555121, 0.096555121, 0.096555114, 0.096555121, 0.096555114, 0.096555114, 0.096555129, 0.096555129, 0.096555121, 0.096555121, 0.096555129, 0.096555129, 0.096555144, 0.096555136, 0.096555129, 0.096555129, 0.096555114, 0.096555129, 0.096555114, 0.096555121, 0.096555114, 0.096555114, 0.096555114, 0.096555114, 0.096555114, 0.096555114, 0.096555121, 0.096555114, 0.096555129, 0.096555121, 0.096555129, 0.096555114, 0.096555114, 0.096555129, 0.096555121, 0.096555121, 0.096555114, 0.096555129, 0.096555129, 0.096555114, 0.096555114, 0.096555129, 0.096555129, 0.096555129, 0.096555129, 0.096555129, 0.096555129, 0.096555129]
